NAME,SEQUENCE,w2_pred_01
EKV1,EKEKEKEKEKEKEKEKEKEKEKEKEKEKEKEKEKEKEKEKEKEKEKEKEK,0.4170173
EKV2,KEKKKEKEEEKKEKEKKEEKEKEEKKEEKKEEEKKKEEEKKEKKKEEEEK,0.27801055
EKV3,KEKKKEKEEEKEEEKKEEKEEEKEEKKKKKEEEKKKEKEEEKEKKKEKEK,0.28753203
EKV4,KKEEKEKEEEKEEEEEEKKKKEEKEKEKKKEKKEEEKKKEEKKKKEEEKK,0.26437774
EKV5,KKEEKEKKEEEEEKEEEKEEKKKEEEEKKKKKKKKEKKEKEEEKEKKEEK,0.23983681
EKV6,EEKKEKEEEEEEKEKEEEEEEKEEKEKKKKKKKKEKEKKKEKKKEKEEKK,0.21801585
EKV7,EEEKEKEKEKEEEEEEEEEEEKEEKEKEKKKKKKEEKKKEKKKKKEKKKK,0.20133753
EKV8,EKEKEEEEEEKEEEEEEEEKEEEKKEKEKKKKKKEEEKEKKKKKKKKKKK,0.18081059
EKV9,EEEEEEEEEEKEEEEEKEEKKKEKKEKEEEKKKKEEKEKKKKKKKKKKKK,0.18462537
EKV10,EEEEEEEEEEKEEEEEEEEKKKEKKKKEEEKKKKEKKEKKEKKKKKKKKK,0.20624721
EKV11,EEEEEEEEEEEEEEEEKEEKKEKEEKKKEKKKEKEKKKKEKKKKKKKKKK,0.1884136
EKV12,EEEEEEEEEEEEEEEEKEEEKEKEKEKEKKKKKKKKEKKKKKKKKEKKKK,0.20029834
EKV13,EEEEEEEEEEEEEEEKEEEEEKKKEEEEKKKKKKKKKKEKKKKKKKKKKK,0.19660714
EKV14,EEEEEEEEEEEEEEEEEEEEEKEKEKEKEKKKKKKKKKKKKKKKKKKKKK,0.17738865
EKV15,EEEEEEEEEEEEEEEEEEEEEEEEEKKKKKKKKKKKKKKKKKKKKKKKKK,0.14855024
LAF1_RGG_WT,MESNQSNNGGSGNAALNRGGRYVPPHLRGGDGGAAAAASAGGDDRRGGAGGGGYRRGGGNSGGGGGGGYDRGYNDNRDDRDNRGGSGGYGRDRNYEDRGYNGGGGGGGNRGYNNNRGGGGGGYNRQDRGDGGSSNFSRGGYNNRDEGSDNRGSGRSYNNDRRDNGGDGLEHHHHHH,-0.024198757
LAF1_RGG_shuf,MNNSGDNDRGSGNYGLRNSFGDDGYGDNGNDEGNSGYRNRGLGGDRADEYGNSGGNGDNEAAPNASDRDDAHYYDSDDYDDGGGGRGSGGAGGGGARGPGSNRAGRYGGGGRRGRGRGNGYNGNRSQRRRGGGRGRGNRGYRVGNGNGQSGGRNSRGGGGGNGGANYGLEHHHHHH,-0.10591692