NAME,SEQUENCE,,SCD,SCD (++),SCD (--),SCD (+-),SCD (++) - (--)
sv1,EKEKEKEKEKEKEKEKEKEKEKEKEKEKEKEKEKEKEKEKEKEKEKEKEK,,-0.413087418,23.41216376,23.41216376,-47.23741494,0
sv2,EEEKKKEEEKKKEEEKKKEEEKKKEEEKKKEEEKKKEEEKKKEEEKKKEK,,-1.009525109,23.20423898,23.3218697,-47.53563379,-0.117630723
sv3,KEKKKEKKEEKKEEKEKEKEKEEKKKEEKEKEKEKKKEEKEKEEKKEEEE,,-1.494653913,22.90259098,23.3809533,-47.77819819,-0.478362318
sv4,KEKEKKEEKEKKEEEKKEKEKEKKKEEKKKEEKEEKKEEKKKEEKEEEKE,,-0.980544442,22.83725775,23.70334126,-47.52114345,-0.866083512
sv5,KEKEEKEKKKEEEEKEKKKKEEKEKEKEKEEKKEEKKKKEEKEEKEKEKE,,-0.738309939,23.09446983,23.56724643,-47.4000262,-0.472776602
sv6,EEEKKEKKEEKEEKKEKKEKEEEKKKEKEEKKEEEKKKEKEEEEKKKKEK,,-0.981482739,23.26095733,23.27917253,-47.5216126,-0.018215198
sv7,EEEEKKKKEEEEKKKKEEEEKKKKEEEEKKKKEEEEKKKKEEEEKKKKEK,,-1.462435978,23.06225206,23.23740118,-47.76208922,-0.175149119
sv8,KKKKEEEEKKKKEEEEKKKKEEEEKKKKEEEEKKKKEEEEKKKKEEEEKE,,-1.462435978,23.23740118,23.06225206,-47.76208922,0.175149119
sv9,EEKKEEEKEKEKEEEEEKKEKKEKKEKKKEEKEKEKKKEKKKKEKEEEKE,,-2.080216002,22.0383202,23.95244303,-48.07097923,-1.914122829
sv10,EKKKKKKEEKKKEEEEEKKKEEEKKKEKKEEKEKEEKEKKEKKEEKEEEE,,-2.097936437,22.8386912,23.14321182,-48.07983945,-0.304520619
sv11,EKEKKKKKEEEKKEKEEEEKEEEEKKKKKEKEEEKEEKKEEKEKKKEEKK,,-1.371704013,24.01264505,22.33237417,-47.71672324,1.680270881
sv12,EKKEEEEEEKEKKEEEEKEKEKKEKEEKEKKEKKKEKKEEEKEKKKKEKK,,-3.153970154,22.88749079,22.56639537,-48.60785631,0.32109542
sv13,KEKKKEKEKKEKKKEEEKKKEEEKEKKKEEKKEKKEKKEEEEEEEKEEKE,,-2.990682076,22.50390311,23.03162709,-48.52621227,-0.52772398
sv14,EKKEKEEKEEEEKKKKKEEKEKKEKKKKEKKKKKEEEEEEKEEKEKEKEE,,-2.283789367,21.81097665,24.0779999,-48.17276592,-2.267023243
sv15,KKEKKEKKKEKKEKKEEEKEKEKKEKKKKEKEKKEEEEEEEEKEEKKEEE,,-4.348639887,22.25084056,22.60571073,-49.20519118,-0.354870164
sv16,EKEKEEKKKEEKKKKEKKEKEEKKEKEKEKKEEEEEEEEEKEKKEKKKKE,,-1.938380771,23.4128301,22.64885075,-48.00006162,0.763979354
sv17,EKEKKKKKKEKEKKKKEKEKKEKKEKEEEKEEKEKEKKEEKKEEEEEEEE,,-5.656599713,21.33039062,22.87218076,-49.85917109,-1.541790139
sv18,KEEKKEEEEEEEKEEKKKKKEKKKEKKEEEKKKEEKKKEEEEEEKKKKEK,,-2.04340907,22.66615628,23.34301042,-48.05257577,-0.676854141
sv19,EEEEEKKKKKEEEEEKKKKKEEEEEKKKKKEEEEEKKKKKEEEEEKKKKK,,-2.070427699,22.99782869,22.99782869,-48.06608508,0
sv20,EEKEEEEEEKEEEKEEKKEEEKEKKEKKEKEEKKEKKKKKKKKKKKKEEE,,-7.374451677,20.76602382,22.57762158,-50.71809707,-1.811597757
sv21,EEEEEEEEEKEKKKKKEKEEKKKKKKEKKEKKKKEKKEEEEEEKEEEKKK,,-4.082408873,20.6703021,24.3193647,-49.07207567,-3.649062604
sv22,KEEEEKEEKEEKKKKEKEEKEKKKKKKKKKKKKEKKEEEEEEEEKEKEEE,,-4.521279125,20.22820582,24.54202585,-49.2915108,-4.313820035
sv23,EEEEEKEEEEEEEEEEEKEEKEKKKKKKEKKKKKKKEKEKKKKEKKEEKK,,-11.45747828,19.41333168,21.88880041,-52.75961037,-2.475468731
sv24,EEEEKEEEEEKEEEEEEEEEEEEKKKEEKKKKKEKKKKKKKEKKKKKKKK,,-16.99848711,19.56439207,18.9672356,-55.53011479,0.597156469
sv25,EEEEEEEEEEEKEEEEKEEKEEKEKKKKKKKKKKKKKKKKKKEEKKEEKE,,-12.77079431,18.25429478,22.39117929,-53.41626839,-4.136884506
sv26,KEEEEEEEKEEKEEEEEEEEEKEEEEKEEKKKKKKKKKKKKKKKKKKKKE,,-16.2096959,19.92321733,19.00280596,-55.13571918,0.920411368
sv27,KKEKKKEKKEEEEEEEEEEEEEEEEEEEEKEEKKKKKKKKKKKKKKKEKK,,-11.40663063,23.21268949,18.11486643,-52.73418655,5.097823063
sv28,EKKKKKKKKKKKKKKKKKKKKKEEEEEEEEEEEEEEEEEEKKEEEEEKEK,,-15.98648678,20.57975754,18.4578703,-55.02411462,2.121887236
sv29,KEEEEKEEEEEEEEEEEEEEEEEEEEEKKKKKKKKKKKKKKKKKKKKKKK,,-22.57093664,18.92572391,16.81967901,-58.31633955,2.106044901
sv30,EEEEEEEEEEEEEEEEEEEEEEEEEKKKKKKKKKKKKKKKKKKKKKKKKK,,-27.84214343,16.55489976,16.55489976,-60.95194295,0
"""AS"" set from DALC",,,,,,,
as1,KKKKKEKKKKKEKKKKEKKKKEKKEKEEEKEEEEKEEEEKEEEEKEEEEE,,-12.78669262,20.3743816,20.26314332,-53.42421754,0.111238284
as2,EEEEEEEEKKEKKKKEEEEEEEEEEEKKKKEEEKEKEKKKKKKKKKKKKK,,-10.30483446,21.70244895,20.17600506,-52.18328846,1.52644389
as3,KKKKEEEEEEEEEEEEEEEEEEKKEKKKKKKKKKKKKKKEKEEEEEKKKK,,-8.265518202,21.7338043,21.16430783,-51.16363033,0.569496476
as4,KKKKKKEEEEEEEEEEEEEEEKKKKKKKKKKKKKKKKKKEEEEEEEEEEK,,-6.110022722,21.24957465,22.72628522,-50.08588259,-1.476710567
POLYELECTROLYTES,,,,,,,
pe+,KKKKKKKKKKKKKKKKKKKKKKKKKKKKKKKKKKKKKKKKKKKKKKKKKK,,,,,,
pe-,EEEEEEEEEEEEEEEEEEEEEEEEEEEEEEEEEEEEEEEEEEEEEEEEEE,,,,,,
pe+long,KKKKKKKKKKKKKKKKKKKKKKKKKKKKKKKKKKKKKKKKKKKKKKKKKKKKKKKKKKKKKKKKKKKKKKKKKKKKKKKKKKKKKKKKKKKKKKKKKKKKKKKKKKKKKKKKKKKKKKKKKKKKKKKKKKKKKKKKKKKKKKKKKKKKKKKKKKKKKKKKKKKKKKKKKKKKKKKKKKKKKKKKKKKKKKKKKKKKKKKKKKKKKKKKKKKKKKKKKKKKKKKKKKKKKKKKKKKKKKKKKKKKKKKKKKKKKKKKKKKKKKKKKKKKKKKKKKKKKKKKKKKKKKKKKKKKKKKKKKKKKKKKKKKKKKKKKKKKKKKKKKKKKKKKKKKKKKKKKKKKKKKKKKKKKKKKKKKKKKKKKKKKKKKKKKKKKKKKKKKKKKKKKKKKKKKKKKKKKKKKKKKKKKKKKKKKKKKKKKKKKKKKKKKKKKKKKKKKKKKKKKKKKKKKKKKKKKKKKKKKKKKKKKKKKKKKKKKKKKKKKKKKKKKKKKKKKKKKKKKKKKKKKKKKKKKKKKKKKKKKKKKKKKKKKKKKKKKKKKKKKKKKKKKKKKKKKKKKKKKKKKKKKKKKKKKKKKKKKKKKKKKKKKKKKKKKKKKKKKKKKKKKKKKKKKKKKKKKKKKKKKKKKKKKKKKKKKKKKKKKKKKKKKKKKKKKKKKKKKKKKKKKKKKKKKKKKKKKKKKKKKKKKKKKKKKKKKKKKKKKKKKKKKKKKKKKKKKKKKKKKKKKKKKKKKKKKKKKKKKKKKKKKKKKKKKKKKKKKKKKKKKKKKKKKKKKKKKKKKKKKKKKKKKKKKKKKKKKKKKKKKKKKKKKKKKKKKKKKKKKKKKKKKKKKKKKKKKKKKKKKKKKKKKKKKKKKKKKKKKKKKKKKKKKKKKKKKKKKKKKKKKKKKKKKKKKKKKKKKKKKKKKKKKKKKKKKKKKKKKKKKKKKKKKKKKKKKKKKKKKKKKKKKKKKKKKKKKKKKKKKKKKKKKKKKKKKKKKKKKKKKKKKKKKKKKKKKKKKKKK,,,,,,
pe-long,EEEEEEEEEEEEEEEEEEEEEEEEEEEEEEEEEEEEEEEEEEEEEEEEEEEEEEEEEEEEEEEEEEEEEEEEEEEEEEEEEEEEEEEEEEEEEEEEEEEEEEEEEEEEEEEEEEEEEEEEEEEEEEEEEEEEEEEEEEEEEEEEEEEEEEEEEEEEEEEEEEEEEEEEEEEEEEEEEEEEEEEEEEEEEEEEEEEEEEEEEEEEEEEEEEEEEEEEEEEEEEEEEEEEEEEEEEEEEEEEEEEEEEEEEEEEEEEEEEEEEEEEEEEEEEEEEEEEEEEEEEEEEEEEEEEEEEEEEEEEEEEEEEEEEEEEEEEEEEEEEEEEEEEEEEEEEEEEEEEEEEEEEEEEEEEEEEEEEEEEEEEEEEEEEEEEEEEEEEEEEEEEEEEEEEEEEEEEEEEEEEEEEEEEEEEEEEEEEEEEEEEEEEEEEEEEEEEEEEEEEEEEEEEEEEEEEEEEEEEEEEEEEEEEEEEEEEEEEEEEEEEEEEEEEEEEEEEEEEEEEEEEEEEEEEEEEEEEEEEEEEEEEEEEEEEEEEEEEEEEEEEEEEEEEEEEEEEEEEEEEEEEEEEEEEEEEEEEEEEEEEEEEEEEEEEEEEEEEEEEEEEEEEEEEEEEEEEEEEEEEEEEEEEEEEEEEEEEEEEEEEEEEEEEEEEEEEEEEEEEEEEEEEEEEEEEEEEEEEEEEEEEEEEEEEEEEEEEEEEEEEEEEEEEEEEEEEEEEEEEEEEEEEEEEEEEEEEEEEEEEEEEEEEEEEEEEEEEEEEEEEEEEEEEEEEEEEEEEEEEEEEEEEEEEEEEEEEEEEEEEEEEEEEEEEEEEEEEEEEEEEEEEEEEEEEEEEEEEEEEEEEEEEEEEEEEEEEEEEEEEEEEEEEEEEEEEEEEEEEEEEEEEEEEEEEEEEEEEEEEEEEEEEEEEEEEEEEEEEEEEEEEEEEEEEEEEEEEEEEEEEEEEEEEEEEEEEEEEEEEEEEEEEEEEEEEEEEEEEEEEEEEEEEEEEEEEEEEEEEE,,,,,,
RANDOM SEQUENCES - maximizing asymmetry,,,,,,,
rs1,KKKEKKKEKKKEKEEEKEEEEEEEEKEKEKEEEKKEKEEKEEEKKKKKKK,,-3.7847,,,,5.0473
rs2,EEEEEEKEKEEKKKKEKKKEEKKEKKKKKEKEKKKEEKKEKKEEKEEEEE,,-3.3501,,,,-5.019
rs3,KKKEKEKEEEEEEEEEEEEEEEEKEEEEEEEKKKKKKKKKKKKKKKKKKK,,-15.293,,,,5.0532
rs4,EKKKKKKKKKKKKEEEEEEEKEEEEEEEEEEEEEEEKKEEKKKKKKKKKK,,-8.508,,,,6.812
rs5,EEEEEEEEKEKEKKKEKKKEEKEKKKKKKKKKKKEKKKKEKEEEEEEEEE,,-6.2907,,,,-6.6051
rs6,KKKKKEKEKEEEEEKEEEEEEEEEEEEEEEEEEKKKKKKKKKKKKKKKKK,,-12.181,,,,6.6171
rs7,EEEEEKKKEEEKKKKKKKKKKKKKKEKKKKKKKKEEEEEEEEEEEEEEEE,,-10.9,,,,-6.46
rs8,KKKKKKKEKKKEEEKEKEEKEEEEEEEEEEEEEEEKEKEEKKKKKKKKKK,,-7.6016,,,,7.1458
rs9,EEEEEEEEEKEKEKKKKKKEKKKKEKKKKKKKEKKKKKKEEEEEEEEEEE,,-7.6176,,,,-7.2392
rs10,KKKKKKKKKKEEEEKEEEEEEEEKEEEEEEEEEEKEEEKKKKKKKKKKKK,,-8.9006,,,,7.5919
rs11,EEEEEEEKEEEEEKEKKKEKKKKKKKKKKKKKKKKKEKEKKEEEEEEEEE,,-8.6603,,,,-7.3195
rs12,KKKKKKKKEKEEEEEEEEEEEEEEEEEKEEEEKEEEKKKKKKKKKKKKKK,,-10.493,,,,7.3321
rs13,EEEEEEEKKEKEKKKKKKKKKKKKKKKKKEKKKKEEEKEEEEEEEEEEEE,,-10.179,,,,-7.0716
rs14,KKKKKKKKKEKKKKEEEEEEKEEEEEEEEEEEEEKEEKEEKKEKKKKKKK,,-8.1908,,,,7.1804
rs15,EEEEEEEEKKKKKKKKKKKKKKKKKKKKKEKKEKEEKEEEEEEEEEEEEE,,-11.635,,,,-7.0036
rs16,KKKKKKEEEKEEEKEEEEEEEEEEEEEEEKEEEEKKKKKKKKKKKKKKKK,,-11.419,,,,6.5729
MORE RANDOM SEQUENCES - selecting by SCD range,,,,,,,
ss1,KKKKKKKKKKEKKKKEEEKKKKEKKEKKEEEKEKEKEEEEEEEEEEEEEE,,-14.576,,,,-0.41326
ss2,KKKKKKKEKKKKEKKKKEKEKKKKEKEKEEEKKEEEKEEEEEEEEEEEEE,,-14.821,,,,-0.64755
ss3,KKKKKKKKKKKEEEKKEKKKKKKKEEKEKEKKEKEEEEEEEEEEEEEEEE,,-15.021,,,,-0.78369
ss4,KKKKKKKKKKKKEKKKEEEEKKEKKKEKEKKKKEEEEEEEEEEEEEEEEE,,-15.071,,,,-0.42226
ss5,KKEEEEEEEEEKEEKEEEKEEEEEKEEEEEEKKKKKKKKKKKKKKKKKKK,,-15.078,,,,3.0458
ss6,EEEEEEKEEEEEEEEEEKEEKEKKKEKEKEEKKKEKKEKKKKKKKKKKKK,,-15.125,,,,0.26993
ss7,KKKKKKKKKKKEKKKKEKEKEEKKEEKKKKEEKEKEEEEEEEEEEEEEEE,,-15.323,,,,-0.29036
ss8,KKKEKKKKKKKKKEKKKKEKEKKKEEKKEKEKEEEKEEEEEEEEEEEEEE,,-15.577,,,,-1.0104
ss9,KKKKKKKKKKKKKKKEKKEKKKEKEKEKEKEEEEKEEEEEEEEEEEEEEE,,-19.929,,,,-0.044279
ss10,KKKEKKKKKKKKKKKKKKKKEEKKKEKEEEKKEEEEEEEEEEEEEEEEEE,,-20.157,,,,-0.89676
ss11,KKKKKKKKKKEKKKKKKKKEKEKKKKEEEKEEKEEEEEEEEEEEEEEEEE,,-20.343,,,,-0.36133
ss12,EEEEEEEEEEEEEEEEKEKEEKEKEEEEKKKKKKEKKKKKKKKKKKKKKK,,-20.402,,,,0.059763
ss13,KKKKEKEKKKKKKKKKKEKKKKKKKKKKEEEEEEEEEEEEEEEEEEEEEE,,-20.404,,,,-1.6946
ss14,EEEEEEKEEKEEEEEEEEEEEEEKKEEEEKKKKKKKKKKKKKKKKKKKKK,,-20.458,,,,1.1695
ss15,EEEEEEEEEEEEKKEEEEEEEEEEEKKKKEKKEKKKKKKKKKKKKKKKKK,,-20.663,,,,0.43226
ss16,KKKEKKKKKKKKKKKKKEKKKKKKEEEKKKEEEEEEEEEEEEEEEEEEEE,,-20.893,,,,-1.0177
ss17,KKKKKKKKKKKEKKKKEEEEEKKKKKEKKKEKEEKEEEEEEEEEEEEEEE,,-14.752,,,,-0.47144
ss18,KKKKKKKKKKKKKKKEEKKEEKEKKEEKEEKEKEEKKEEEEEEEEEEEEE,,-14.959,,,,0.23607
ss19,EEEEEEEEEEKEEEKEEEEEEKEKKKKKEEKKKEKEEKKKKKKKKKKKKK,,-15.154,,,,-0.019035
ss20,EEEEEKEEEKEEEEEEEKEEEEKEKEKKKEKEEEKKKKKKKKKKKKKKKK,,-15.233,,,,1.0317
ss21,EEEEEEKEEKEEEEEEEKEKKEEEEEKEKEKEEKKKKKKKKKKKKKKKKK,,-15.245,,,,1.1693
ss22,KKKKKKKKKKKEEKKEKEKKKKKKEKEKEEKKEEKEEEEEEEEEEEEEEE,,-15.358,,,,-0.64463
ss23,EKEEEEEKEEEEEEKEEEEEEEEEKKEKKEKKKKEKEKKKKKKKKKKKKK,,-15.55,,,,1.5572
ss24,EEEEEKEEEEEKEEEEEEKEKEEEKKEEEKKEKKEKKKKKKKKKKKKKKK,,-15.752,,,,0.98573