NAME,SEQUENCE,N,SCD
proTa,GPSDAAVDTSSEITTKDLKEKKEVVEEAENGRDAPANGNAENEENGEQEADNEVDEEEEEGGEEEEEEEEGDGEEEDGDEDEEAESATGKRAAEDDEDDDVDTKKQKTDEDD,112,
proTa_fret,GPCDAAVDTSSEITTKDLKEKKEVVEEAENGRDAPANGNAENEENGEQEADNEVDEEEEEGGEEEEEEEEGDGEEEDGDEDEEAESATGKRAAEDDEDDDVDTKKQKTDEDC,112,
proTa_his,AHHHHHHSAALEVLFQGPSDAAVDTSSEITTKDLKEKKEVVEEAENGRDAPANGNAENEENGEQEADNEVDEECEEGGEEEEEEEEGDGEEEDGDEDEEAESATGKRAAEDDEDDDVDTKKQKTDEDC,128,
,,,
stm_WT,GAPVSNNNGTDNDESAADQRHIFTVQFNVGTPAPADGDSVTTDGKDSAEKNEAPGDSSDTTEKPGTTDGKDSAEQHGVTTDGKDEAEQHGVTTDGQDSAEKRGEADGAPDKPDTQNGTDDTDSDQETDASHHKTGDSDENKDKPSAEDHTDGNHAGKDSTDSKESPDTTDKPEGPDSDSAPDGDSASAEKTDSDHSPDEDANKSSTEADKDDTSDKDSSQTDEKHDSDASDKDEKHEDKDEKSDEKDSSKDSEDKSQEKSDKSDDGSNSEADEQKESVESKDHDSDSQDSDSAEKKEKHDDKDQDSSDSADSKDSDEDKDKDHSEQKDSEDHEHKEKHTKDKEEHKDSDEGKDDEDKSKSDEHDKDESESKEASKSDESEQEEKKDDKSDSDNSSRDSHSDSDSDSHSDSDSDSHSDSHSDSDSDSHSDSDSDSDSDSDSDSDSDSDSNSRDKDEKKDKSSESRDEDSSDSDSKSNSESSETAEEDTNDDKDSSVEKDKTDSSDSASVEANDSDDEHDDDSKDATPSSEDHTAEKTDEDSHDVSDDDDDIDAHDDEAGVEHGTDEASKPHQEPDHHDDTTHGSDDGRKTSMPISKLN,597,
stm_i,GSMKNSDDESKETSKCAAEVKTTEKTAENPDATDEPSEETSEGEELDSADDSQDSTDEPSQETAETKETESCDKSEDKSSAAEETDEEASDSADVSEAVSESEETSSSPEVRGSKTNNTEDKISFEEVEDQSDEMSMDKDKKSEESSMRPTDSVKGAEDSASLESDEMFEESDEQSEEEKSTSAPTSEDAGADSEDESDQSSQDLSKEDDSKGQDAVQSQDDGTTSKADLMDDDLGAEDDKDEEKEEAADGDAKDLGVMIEKDEEEKVEVNKEQVDSNEDQPAKENSDEKDEADKEKDASDKKDLSMSEEEPDWEEEMGMDDSLEEEEKANKKTSDEKGSFDETTSDQLDQPDNSTPPADAAM,363,
,,,
P0A8H9_WT,MSETITVNCPTCGKTVVWGEISPFRPFCSKRCQLIDLGEWAAEEKRIPSSGDLSESDDWSEEPKQ,65,-0.001165
P0A8H9_S54S56,MSETITVNCPTCGKTVVWGEISPFRPFCSKRCQLIDLGEWAAEEKRIPSSGDLEEEDDWSEEPKQ,65,0.2726
P0A8H9_S2T15,MEETITVNCPTCGKEVVWGEISPFRPFCSKRCQLIDLGEWAAEEKRIPSSGDLSESDDWSEEPKQ,65,1.125
,,,
P0AE73_WT,MIHSSVKRWGNSPAVRIPATLMQALNLNIDDEVKIDLVDGKLIIEPVRKEPVFTLAELVNDITPENLHENIDWGEPKDKEVW,82,-0.24646128
P0AE73_S4S5,MIHEEVKRWGNSPAVRIPATLMQALNLNIDDEVKIDLVDGKLIIEPVRKEPVFTLAELVNDITPENLHENIDWGEPKDKEVW,82,0.10040527
P0AE73_T54T63,MIHSSVKRWGNSPAVRIPATLMQALNLNIDDEVKIDLVDGKLIIEPVRKEPVFELAELVNDIEPENLHENIDWGEPKDKEVW,82,1.12591726
,,,
DP00877_WT,MAQEQTKRGGGGGDDDDIAGSTAAGQERREKLTEETDDLLDEIDDVLEENAEDFVRAYVQKGGQ,64,2.82880494
DP00877_D41K,MAQEQTKRGGGGGDDDDIAGSTAAGQERREKLTEETDDLLKEIDDVLEENAEDFVRAYVQKGGQ,64,0.80629544
DP00877_E4K,MAQKQTKRGGGGGDDDDIAGSTAAGQERREKLTEETDDLLDEIDDVLEENAEDFVRAYVQKGGQ,64,1.92265246
,,,
DP00438,MPNWGGGNKCGACGRTVYHAEEVQCDGRSFHRCCFLCMVCRKNLDSTTVAIHDAEVYCKSCYGKKYGPKGYGYGQGAGTLNMDRGERLGIKPESSPSPHRPTTNPNTSKFAQKFGGAEKCSRCGDSVYAAEKVIGAGKPWHKNCFRCAKCGKSLESTTLTEKEGEIYCKGCYAKNFGPKGFGYGQGAGALVHAQ,194,
DP00011,MELIQDTSRPPLEYVKGVPLIKYFAEALGPLQSFQARPDDLLINTYPKSGTTWVSQILDMIYQGGDLEKCNRAPIYVRVPFLEVNDPGEPSGLETLKDTPPPRLIKSHLPLALLPQTLLDQKVKVVYVARNPKDVAVSYYHFHRMEKAHPEPGTWDSFLEKFMAGEVSYGSWYQHVQEWWELSRTHPVLYLFYEDMKENPKREIQKILEFVGRSLPEETMDFMVQHTSFKEMKKNPMTNYTTVPQELMDHSISPFMRKGMAGDWKTTFTVAQNERFDADYAEKMAGCSLSFRSEL,295,
DP00436,MAFSARFPLWLLLGVVLLASVSASFAHSGHSGGEAEDESEESRAQNNPYLFRSNKFLTLFKNQHGSLRLLQRFNEDTEKLENLRDYRVLEYCSKPNTLLLPHHSDSDLLVLVLEGQAILVLVNPDGRDTYKLDQGDAIKIQAGTPFYLINPDNNQNLRILKFAITFRRPGTVEDFFLSSTKRLPSYLSAFSKNFLEASYDSPYDEIEQTLLQEEQEGVIVKMPKDQIQEISKHAQSSSRKTLSSQDKPFNLRSRDPIYSNNYGKLYEITPEKNSQLRDLDILLNCLQMNEGALFVPHYNSRATVILVANEGRAEVELVGLEQQQQQGLESMQLRRYAATLSEGDIIVIPSSFPVALKAASDLNMVGIGVNAENNERNFLAGHKENVIRQIPRQVSDLTFPGSGEEVEELLENQKESYFVDGQPRHIDAGGKARRAHLPNLFRTFY,445,
DP00246,MAQWDDFPDQQEDTDSCTESVKFDARSVTALLPPHPKNGPTLQERMKSYKTALITLYLIVFVVLVPIIGIVAAQLLKWETKNCTVGSVNADISPSPEGKGNGSEDEMRFREAVMERMSNMESRIQYLSDNEANLLDAKNFQNFSITTDQRFNDVLFQLNSLLSSIQEHENIIGDISKSLVGLNTTVLDLQFSIETLNGRVQENAFKQQEEMRKLEERIYNASAEIKSLDEKQVYLEQEIKGEMKLLNNITNDLRLKDWEHSQTLKNITLLQGPPGPPGEKGDRGPPGQNGIPGFPGLIGTPGLKGDRGISGLPGVRGFPGPMGKTGKPGLNGQKGQKGEKGSGSMQRQSNTVRLVGGSGPHEGRVEIFHEGQWGTVCDDRWELRGGLVVCRSLGYKGVQSVHKRAYFGKGTGPIWLNEVFCFGKESSIEECRIRQWGVRACSHDEDAGVTCTT,453,
DP00348,MAENLLDGPPNPKRAKLSSPGFSANDNTDFGSLFDLENDLPDELIPNGELSLLNSGNLVPDAASKHKQLSELLRGGSGSSINPGIGNVSASSPVQQGLGGQAQGQPNSTNMASLGAMGKSPLNQGDSSTPNLPKQAASTSGPTPPASQALNPQAQKQVGLVTSSPATSQTGPGICMNANFNQTHPGLLNSNSGHSLMNQAQQGQAQVMNGSLGAAGRGRGAGMPYPAPAMQGATSSVLAETLTQVSPQMAGHAGLNTAQAGGMTKMGMTGTTSPFGQPFSQTGGQQMGATGVNPQLASKQSMVNSLPAFPTDIKNTSVTTVPNMSQLQTSVGIVPTQAIATGPTADPEKRKLIQQQLVLLLHAHKCQRREQANGEVRACSLPHCRTMKNVLNHMTHCQAGKACQVAHCASSRQIISHWKNCTRHDCPVCLPLKNASDKRNQQTILGSPASGIQNTIGSVGAGQQNATSLSNPNPIDPSSMQRAYAALGLPYMNQPQTQLQPQVPGQQPAQPPAHQQMRTLNALGNNPMSIPAGGITTDQQPPNLISESALPTSLGATNPLMNDGSNSGNIGSLSTIPTAAPPSSTGVRKGWHEHVTQDLRSHLVHKLVQAIFPTPDPAALKDRRMENLVAYAKKVEGDMYESANSRDEYYHLLAEKIYKIQKELEEKRRSRLHKQGILGNQPALPASGAQPPVIPPAQSVRPPNGPLPLPVNRMQVSQGMNSFNPMSLGNVQLPQAPMGPRAASPMNHSVQMNSMASVPGMAISPSRMPQPPNMMGTHANNIMAQAPTQNQFLPQNQFPSSSGAMSVNSVGMGQPAAQAGVSQGQVPGAALPNPLNMLAPQASQLPCPPVTQSPLHPTPPPASTAAGMPSLQHPTAPGMTPPQPAAPTQPSTPVSSGQTPTPTPGSVPSAAQTQSTPTVQAAAQAQVTPQPQTPVQPPSVATPQSSQQQPTPVHTQPPGTPLSQAAASIDNRVPTPSSVTSAETSSQQPGPDVPMLEMKTEVQTDDAEPEPTESKGEPRSEMMEEDLQGSSQVKEETDTTEQKSEPMEVEEKKPEVKVEAKEEEENSSNDTASQSTSPSQPRKKIFKPEELRQALMPTLEALYRQDPESLPFRQPVDPQLLGIPDYFDIVKNPMDLSTIKRKLDTGQYQEPWQYVDDVWLMFNNAWLYNRKTSRVYKFCSKLAEVFEQEIDPVMQSLGYCCGRKYEFSPQTLCCYGKQLCTIPRDAAYYSYQNRYHFCEKCFTEIQGENVTLGDDPSQPQTTISKDQFEKKKNDTLDPEPFVDCKECGRKMHQICVLHYDIIWPSGFVCDNCLKKTGRPRKENKFSAKRLQTTRLGNHLEDRVNKFLRRQNHPEAGEVFVRVVASSDKTVEVKPGMKSRFVDSGEMSESFPYRTKALFAFEEIDGVDVCFFGMHVQNTALIAPHQIQGRVYISYLDSIHFFRPRCLRTAVYHEILIGYLEYVKKLGYVTGHIWACPPSEGDDYIFHCHPPDQKIPKPKRLQEWYKKMLDKAFAERIINDYKDIFKQANEDRLTSAKELPYFEGDFWPNVLEESIKELEQEEEERKKEESTAASETPEGSQGDSKNAKKKNNKKTNKNKSSISRANKKKPSMPNVSNDLSQKLYATMEKHKEVFFVIHLHAGPVISTQPPIVDPDPLLSCDLMDGRDAFLTLARDKHWEFSSLRRSKWSTLCMLVELHTQGQDRFVYTCNECKHHVETRWHCTVCEDYDLCINCYNTKSHTHKMVKWGLGLDDEGSSQGEPQSKSPQESRRLSIQRCIQSLVHACQCRNANCSLPSCQKMKRVVQHTKGCKRKTNGGCPVCKQLIALCCYHAKHCQENKCPVPFCLNIKHKLRQQQIQHRLQQAQLMRRRMATMNTRNVPQQSLPSPTSAPPGTPTQQPSTPQTPQPPAQPQPSPVNMSPAGFPNVARTQPPTIVSAGKPTNQVPAPPPPAQPPPAAVEAARQIEREAQQQQHLYRANINNGMPPGRAGMGTPGSQMTPVGLNVPRPNQVSGPVMSSMPPGQWQQAPIPQQQPMPGMPRPVMSMQAQAAVAGPRMPNVQPPRSISPSALQDLLRTLKSPSSPQQQQQVLNILKSNPQLMAAFIKQRTAKYVANQPGMQPQPGLQSQPGMQPQPGMHQQPSLQNLNAMQAGVPRPGVPPPQPAMGGLNPQGQALNIMNPGHNPNMTNMNPQYREMVRRQLLQHQQQQQQQQQQQQQQQNSASLAGGMAGHSQFQQPQGPGGYAPAMQQQRMQQHLPIQGSSMGQMAAPMGQLGQMGQPGLGADSTPNIQQALQQRILQQQQMKQQIGSPGQPNPMSPQQHMLSGQPQASHLPGQQIATSLSNQVRSPAPVQSPRPQSQPPHSSPSPRIQPQPSPHHVSPQTGSPHPGLAVTMASSMDQGHLGNPEQSAMLPQLNTPNRSALSSELSLVGDTTGDTLEKFVEGL,2441,